timestamp,dataset,task,algorithm,target_col,split,n_train,n_test,accuracy,precision,recall,f1,cv_accuracy_mean,cv_accuracy_std,cv_f1_mean,cv_f1_std,mae,rmse,r2,cv_mae_mean,cv_mae_std,cv_rmse_mean,cv_rmse_std,cv_r2_mean,cv_r2_std,silhouette_score,cv_silhouette_mean,cv_silhouette_std,n_clusters,notes
2026-08-01T14:50:19.597784,healthcare_dataset_stroke,classification,logistic,stroke,train=80%/test=20%,4088,1022,0.7417,0.9433,0.7417,0.8147,0.7315,0.0083,0.8078,0.0057,,,,,,,,,,,,,,
2026-08-01T14:50:21.814935,healthcare_dataset_stroke,classification,decision_tree,stroke,train=80%/test=20%,4088,1022,0.7945,0.9418,0.7945,0.8502,0.7397,0.0309,0.813,0.0211,,,,,,,,,,,,,,
2026-08-01T14:50:26.955182,healthcare_dataset_stroke,classification,gradient_boosting,stroke,train=80%/test=20%,4088,1022,0.9501,0.9045,0.9501,0.9267,0.9501,0.0012,0.9273,0.001,,,,,,,,,,,,,,
2026-08-01T14:50:29.330892,healthcare_dataset_stroke,classification,logistic,hypertension,train=80%/test=20%,4088,1022,0.684,0.8914,0.684,0.7478,0.6947,0.0145,0.7563,0.011,,,,,,,,,,,,,,
2026-08-01T14:50:31.175169,healthcare_dataset_stroke,classification,decision_tree,hypertension,train=80%/test=20%,4088,1022,0.635,0.8976,0.635,0.7086,0.6301,0.0134,0.7048,0.0112,,,,,,,,,,,,,,
2026-08-01T14:50:35.928724,healthcare_dataset_stroke,classification,gradient_boosting,hypertension,train=80%/test=20%,4088,1022,0.8992,0.843,0.8992,0.8578,0.9008,0.0019,0.8568,0.0026,,,,,,,,,,,,,,
2026-08-01T14:50:38.528006,healthcare_dataset_stroke,classification,logistic,heart_disease,train=80%/test=20%,4088,1022,0.7485,0.9374,0.7485,0.8167,0.7546,0.0137,0.8209,0.0094,,,,,,,,,,,,,,
2026-08-01T14:50:43.607284,healthcare_dataset_stroke,classification,decision_tree,heart_disease,train=80%/test=20%,4088,1022,0.7241,0.9251,0.7241,0.7991,0.7438,0.0258,0.813,0.018,,,,,,,,,,,,,,
2026-08-01T14:50:49.950143,healthcare_dataset_stroke,classification,gradient_boosting,heart_disease,train=80%/test=20%,4088,1022,0.9462,0.923,0.9462,0.9219,0.9442,0.0016,0.9189,0.0008,,,,,,,,,,,,,,
2026-08-01T14:51:06.357539,healthcare_dataset_stroke,clustering,kmeans,,,,,,,,,,,,,,,,,,,,,,0.2265,0.1873,0.0135,5,
2026-08-01T14:51:10.482479,healthcare_dataset_stroke,clustering,hierarchical,,,,,,,,,,,,,,,,,,,,,,0.1842,,,3,
2026-08-01T14:51:14.810892,healthcare_dataset_stroke,clustering,dbscan,,,,,,,,,,,,,,,,,,,,,,0.4164,,,77,outliers=351
2026-08-01T14:51:21.642480,healthcare_dataset_stroke,clustering,gaussian_mixture,,,,,,,,,,,,,,,,,,,,,,0.1837,0.168,0.0105,3,
2026-08-01T14:51:53.580634,neurofibromatosis,classification,logistic,Case Type,train=80%/test=20%,236,59,0.4746,0.4657,0.4746,0.4668,0.522,0.054,0.5189,0.055,,,,,,,,,,,,,,
2026-08-01T14:51:55.736882,neurofibromatosis,classification,decision_tree,Case Type,train=80%/test=20%,236,59,0.4915,0.5061,0.4915,0.4842,0.4712,0.0329,0.4533,0.0311,,,,,,,,,,,,,,
2026-08-01T14:51:58.598081,neurofibromatosis,classification,gradient_boosting,Case Type,train=80%/test=20%,236,59,0.5085,0.5012,0.5085,0.5012,0.4949,0.0507,0.4897,0.0521,,,,,,,,,,,,,,
2026-08-01T14:52:00.748211,neurofibromatosis,classification,logistic,Tumour Case,train=80%/test=20%,236,59,0.8305,0.862,0.8305,0.8375,0.8441,0.0392,0.85,0.0367,,,,,,,,,,,,,,
2026-08-01T14:52:02.568012,neurofibromatosis,classification,decision_tree,Tumour Case,train=80%/test=20%,236,59,0.8305,0.849,0.8305,0.8358,0.8576,0.0275,0.8635,0.0264,,,,,,,,,,,,,,
2026-08-01T14:52:05.536338,neurofibromatosis,classification,gradient_boosting,Tumour Case,train=80%/test=20%,236,59,0.8475,0.8449,0.8475,0.8459,0.8949,0.0346,0.8936,0.0353,,,,,,,,,,,,,,
2026-08-01T14:52:09.270845,neurofibromatosis,clustering,kmeans,,,,,,,,,,,,,,,,,,,,,,0.1307,0.1372,0.0161,3,
2026-08-01T14:52:11.203944,neurofibromatosis,clustering,hierarchical,,,,,,,,,,,,,,,,,,,,,,0.3742,,,2,
2026-08-01T14:52:12.692606,neurofibromatosis,clustering,dbscan,,,,,,,,,,,,,,,,,,,,,,-0.1752,,,4,outliers=247
2026-08-01T14:52:14.778648,neurofibromatosis,clustering,gaussian_mixture,,,,,,,,,,,,,,,,,,,,,,0.3676,0.2393,0.0837,3,
2026-08-01T14:55:32.987735,higher_education_predictors_of_student_retention,classification,logistic,Target,train=80%/test=20%,3539,885,0.7266,0.768,0.7266,0.7405,0.7484,0.014,0.7573,0.0124,,,,,,,,,,,,,,
2026-08-01T14:55:35.260199,higher_education_predictors_of_student_retention,classification,decision_tree,Target,train=80%/test=20%,3539,885,0.6588,0.7459,0.6588,0.6834,0.6926,0.0057,0.7088,0.004,,,,,,,,,,,,,,
2026-08-01T14:55:48.339584,higher_education_predictors_of_student_retention,classification,random_forest,Target,train=80%/test=20%,3539,885,0.7412,0.7696,0.7412,0.7511,0.7495,0.0063,0.7539,0.0077,,,,,,,,,,,,,,
2026-08-01T14:57:20.498725,higher_education_predictors_of_student_retention,classification,gradient_boosting,Target,train=80%/test=20%,3539,885,0.7605,0.7465,0.7605,0.7485,0.7728,0.0081,0.7609,0.0094,,,,,,,,,,,,,,
2026-08-01T14:57:23.385363,higher_education_predictors_of_student_retention,classification,knn,Target,train=80%/test=20%,3539,885,0.7153,0.6984,0.7153,0.6922,0.715,0.0091,0.6935,0.0098,,,,,,,,,,,,,,
2026-08-01T14:57:35.435148,higher_education_predictors_of_student_retention,clustering,kmeans,,,,,,,,,,,,,,,,,,,,,,0.1858,0.186,0.0004,2,
2026-08-01T14:57:38.968464,higher_education_predictors_of_student_retention,clustering,hierarchical,,,,,,,,,,,,,,,,,,,,,,0.174,,,3,
2026-08-01T14:57:41.629320,higher_education_predictors_of_student_retention,clustering,dbscan,,,,,,,,,,,,,,,,,,,,,,-0.0391,,,7,outliers=2074
2026-08-01T14:57:49.503540,higher_education_predictors_of_student_retention,clustering,gaussian_mixture,,,,,,,,,,,,,,,,,,,,,,0.1515,0.1385,0.0065,3,
2026-08-01T15:01:55.857250,pgcb_hourly_generation,regression,naive,generation_mw,chronological_85%,,,,,,,,,,,731.6488,1059.7907,0.7725,,,,,,,,,,,
2026-08-01T15:01:58.719575,pgcb_hourly_generation,regression,linear_regression,generation_mw,chronological_85%,,,,,,,,,,,3341.5065,3920.7106,-2.1135,2790.214,1779.062,105739.9478,206732.8692,-0.5425,1.0797,,,,,
2026-08-01T15:02:06.769462,pgcb_hourly_generation,regression,xgboost,generation_mw,chronological_85%,,,,,,,,,,,1719.9959,2082.1843,0.1205,1600.9944,1692.44,116571.2078,202958.1497,-155.7295,312.8445,,,,,
2026-08-01T15:02:09.516185,pgcb_hourly_generation,regression,ridge,generation_mw,chronological_85%,,,,,,,,,,,2510.055,3020.7653,-0.8512,2587.6696,3677.2126,136400.4589,270760.8247,0.2787,0.8217,,,,,
2026-08-01T15:02:59.512050,pgcb_hourly_generation,clustering,kmeans,,,,,,,,,,,,,,,,,,,,,,0.2802,0.2802,0.0001,2,
2026-08-01T15:03:08.051477,pgcb_hourly_generation,clustering,hierarchical,,,,,,,,,,,,,,,,,,,,,,0.1667,,,4,
2026-08-01T15:03:42.843881,pgcb_hourly_generation,clustering,dbscan,,,,,,,,,,,,,,,,,,,,,,-0.3524,,,20,outliers=6837
2026-08-01T15:04:32.235873,pgcb_hourly_generation,clustering,gaussian_mixture,,,,,,,,,,,,,,,,,,,,,,0.1174,0.1237,0.0279,3,
2026-08-01T15:08:43.527607,har70plus,regression,naive,back_x,chronological_80%,,,,,,,,,,,0.0291,0.0641,0.9252,,,,,,,,,,,
2026-08-01T15:08:53.160641,har70plus,regression,linear_regression,back_x,chronological_80%,,,,,,,,,,,0.1661,0.2347,-0.0014,0.183,0.026,0.2574,0.0308,-0.0183,0.0243,,,,,
2026-08-01T15:09:04.640218,har70plus,regression,ridge,back_x,chronological_80%,,,,,,,,,,,0.03,0.0605,0.9335,0.0317,0.0068,0.0703,0.0186,0.9232,0.029,,,,,
2026-08-01T15:09:16.675222,har70plus,regression,lasso,back_x,chronological_80%,,,,,,,,,,,0.0434,0.0699,0.9113,0.0445,0.0077,0.0786,0.0167,0.9049,0.0242,,,,,
2026-08-01T15:10:01.133032,har70plus,regression,xgboost,back_x,chronological_80%,,,,,,,,,,,0.0292,0.0569,0.9413,0.0322,0.0082,0.0649,0.0171,0.9348,0.0234,,,,,
2026-08-01T15:12:01.497814,har70plus,clustering,kmeans,,,,,,,,,,,,,,,,,,,,,,0.4173,0.4173,0.0,2,
2026-08-01T15:12:05.431675,har70plus,clustering,hierarchical,,,,,,,,,,,,,,,,,,,,,,0.2132,,,7,
2026-08-01T15:12:17.682170,har70plus,clustering,dbscan,,,,,,,,,,,,,,,,,,,,,,0.1603,,,16,outliers=14301;sampled=50000/2259597
2026-08-01T15:13:01.455751,har70plus,clustering,gaussian_mixture,,,,,,,,,,,,,,,,,,,,,,0.3586,0.1768,0.0017,3,fit_sampled=100000/2259597
2026-08-01T15:15:35.481116,dow_jones_index,regression,naive,percent_change_next_weeks_price,chronological_80%,,,,,,,,,,,3.0796,3.849,-0.3746,,,,,,,,,,,
2026-08-01T15:15:37.563056,dow_jones_index,regression,linear_regression,percent_change_next_weeks_price,chronological_80%,,,,,,,,,,,2.6275,3.3044,-0.0131,2.2092,0.1771,2.8953,0.3312,-0.2381,0.0672,,,,,
2026-08-01T15:15:39.526116,dow_jones_index,regression,ridge,percent_change_next_weeks_price,chronological_80%,,,,,,,,,,,2.6836,3.3507,-0.0417,2.1063,0.3187,2.7476,0.463,-0.1701,0.1489,,,,,
2026-08-01T15:15:41.338758,dow_jones_index,regression,lasso,percent_change_next_weeks_price,chronological_80%,,,,,,,,,,,2.6826,3.3516,-0.0423,2.1033,0.3178,2.7451,0.4599,-0.1681,0.1473,,,,,
2026-08-01T15:15:44.090629,dow_jones_index,regression,random_forest_regressor,percent_change_next_weeks_price,chronological_80%,,,,,,,,,,,2.7021,3.3981,-0.0714,2.1902,0.3086,2.8381,0.4778,-0.2501,0.1635,,,,,
2026-08-01T15:15:48.290109,dow_jones_index,regression,xgboost,percent_change_next_weeks_price,chronological_80%,,,,,,,,,,,2.6991,3.3136,-0.0188,2.3027,0.3217,2.991,0.5088,-0.3851,0.1669,,,,,
2026-08-01T15:15:53.964000,dow_jones_index,clustering,kmeans,,,,,,,,,,,,,,,,,,,,,,0.3289,0.3277,0.0019,2,
2026-08-01T15:15:56.028558,dow_jones_index,clustering,hierarchical,,,,,,,,,,,,,,,,,,,,,,0.2427,,,4,
2026-08-01T15:15:57.556809,dow_jones_index,clustering,dbscan,,,,,,,,,,,,,,,,,,,,,,-0.0078,,,6,outliers=333
2026-08-01T15:15:59.746658,dow_jones_index,clustering,gaussian_mixture,,,,,,,,,,,,,,,,,,,,,,0.2193,0.2278,0.0036,3,
2026-08-01T15:24:12.612779,realwaste,clustering,kmeans,,,,,,,,,,,,,,,,,,,,,,0.2508,0.2505,0.0015,2,
2026-08-01T15:24:15.219687,realwaste,clustering,hierarchical,,,,,,,,,,,,,,,,,,,,,,0.1515,,,9,
2026-08-01T15:24:15.948651,realwaste,clustering,dbscan,,,,,,,,,,,,,,,,,,,,,,,,,0,outliers=4752
2026-08-01T15:24:22.160221,realwaste,clustering,gaussian_mixture,,,,,,,,,,,,,,,,,,,,,,0.1183,0.1203,0.0011,3,
2026-08-01T15:25:05.115954,heartbeat_sounds,clustering,kmeans,,,,,,,,,,,,,,,,,,,,,,0.5073,0.4963,0.0134,2,
2026-08-01T15:25:06.197958,heartbeat_sounds,clustering,hierarchical,,,,,,,,,,,,,,,,,,,,,,0.2791,,,4,
2026-08-01T15:25:07.157995,heartbeat_sounds,clustering,dbscan,,,,,,,,,,,,,,,,,,,,,,-0.2565,,,7,outliers=349
2026-08-01T15:25:08.509788,heartbeat_sounds,clustering,gaussian_mixture,,,,,,,,,,,,,,,,,,,,,,0.4564,0.4225,0.046,3,
2026-08-01T15:27:03.617277,healthcare_dataset_stroke,classification,logistic,stroke,train=80%/test=20%,4088,1022,0.7417,0.9433,0.7417,0.8147,0.7315,0.0083,0.8078,0.0057,,,,,,,,,,,,,,
2026-08-01T15:27:04.784558,healthcare_dataset_stroke,classification,decision_tree,stroke,train=80%/test=20%,4088,1022,0.7945,0.9418,0.7945,0.8502,0.7397,0.0309,0.813,0.0211,,,,,,,,,,,,,,
2026-08-01T15:27:08.653515,healthcare_dataset_stroke,classification,random_forest,stroke,train=80%/test=20%,4088,1022,0.8503,0.9379,0.8503,0.8854,0.8444,0.0145,0.8805,0.0094,,,,,,,,,,,,,,
2026-08-01T15:27:11.239516,healthcare_dataset_stroke,classification,gradient_boosting,stroke,train=80%/test=20%,4088,1022,0.9501,0.9045,0.9501,0.9267,0.9501,0.0012,0.9273,0.001,,,,,,,,,,,,,,
2026-08-01T15:27:12.415432,healthcare_dataset_stroke,classification,logistic,hypertension,train=80%/test=20%,4088,1022,0.684,0.8914,0.684,0.7478,0.6947,0.0145,0.7563,0.011,,,,,,,,,,,,,,
2026-08-01T15:27:13.502892,healthcare_dataset_stroke,classification,decision_tree,hypertension,train=80%/test=20%,4088,1022,0.635,0.8976,0.635,0.7086,0.6301,0.0134,0.7048,0.0112,,,,,,,,,,,,,,
2026-08-01T15:27:17.528755,healthcare_dataset_stroke,classification,random_forest,hypertension,train=80%/test=20%,4088,1022,0.7417,0.8752,0.7417,0.7894,0.7415,0.0137,0.7897,0.0095,,,,,,,,,,,,,,
2026-08-01T15:27:20.250017,healthcare_dataset_stroke,classification,gradient_boosting,hypertension,train=80%/test=20%,4088,1022,0.8992,0.843,0.8992,0.8578,0.9008,0.0019,0.8568,0.0026,,,,,,,,,,,,,,
2026-08-01T15:27:21.431674,healthcare_dataset_stroke,classification,logistic,heart_disease,train=80%/test=20%,4088,1022,0.7485,0.9374,0.7485,0.8167,0.7546,0.0137,0.8209,0.0094,,,,,,,,,,,,,,
2026-08-01T15:27:22.566124,healthcare_dataset_stroke,classification,decision_tree,heart_disease,train=80%/test=20%,4088,1022,0.7241,0.9251,0.7241,0.7991,0.7438,0.0258,0.813,0.018,,,,,,,,,,,,,,
2026-08-01T15:27:26.500327,healthcare_dataset_stroke,classification,random_forest,heart_disease,train=80%/test=20%,4088,1022,0.8209,0.9251,0.8209,0.8631,0.8384,0.0126,0.8754,0.0087,,,,,,,,,,,,,,
2026-08-01T15:27:29.015238,healthcare_dataset_stroke,classification,gradient_boosting,heart_disease,train=80%/test=20%,4088,1022,0.9462,0.923,0.9462,0.9219,0.9442,0.0016,0.9189,0.0008,,,,,,,,,,,,,,
2026-08-01T15:27:34.084281,neurofibromatosis,classification,logistic,Case Type,train=80%/test=20%,236,59,0.4746,0.4657,0.4746,0.4668,0.522,0.054,0.5189,0.055,,,,,,,,,,,,,,
2026-08-01T15:27:35.097513,neurofibromatosis,classification,decision_tree,Case Type,train=80%/test=20%,236,59,0.4915,0.5061,0.4915,0.4842,0.4712,0.0329,0.4533,0.0311,,,,,,,,,,,,,,
2026-08-01T15:27:37.173400,neurofibromatosis,classification,random_forest,Case Type,train=80%/test=20%,236,59,0.4915,0.4885,0.4915,0.4895,0.4746,0.0597,0.4722,0.0587,,,,,,,,,,,,,,
2026-08-01T15:27:38.517827,neurofibromatosis,classification,gradient_boosting,Case Type,train=80%/test=20%,236,59,0.5085,0.5012,0.5085,0.5012,0.4949,0.0507,0.4897,0.0521,,,,,,,,,,,,,,
2026-08-01T15:27:39.488242,neurofibromatosis,classification,logistic,Tumour Case,train=80%/test=20%,236,59,0.8305,0.862,0.8305,0.8375,0.8441,0.0392,0.85,0.0367,,,,,,,,,,,,,,
2026-08-01T15:27:40.458778,neurofibromatosis,classification,decision_tree,Tumour Case,train=80%/test=20%,236,59,0.8305,0.849,0.8305,0.8358,0.8576,0.0275,0.8635,0.0264,,,,,,,,,,,,,,
2026-08-01T15:27:42.791817,neurofibromatosis,classification,random_forest,Tumour Case,train=80%/test=20%,236,59,0.8305,0.862,0.8305,0.8375,0.8576,0.0254,0.8634,0.0242,,,,,,,,,,,,,,
2026-08-01T15:27:44.250138,neurofibromatosis,classification,gradient_boosting,Tumour Case,train=80%/test=20%,236,59,0.8475,0.8449,0.8475,0.8459,0.8949,0.0346,0.8936,0.0353,,,,,,,,,,,,,,
2026-08-01T15:27:49.659637,pgcb_hourly_generation,regression,naive,generation_mw,chronological_85%,,,,,,,,,,,731.6488,1059.7907,0.7725,,,,,,,,,,,
2026-08-01T15:27:51.253996,pgcb_hourly_generation,regression,linear_regression,generation_mw,chronological_85%,,,,,,,,,,,3341.5065,3920.7106,-2.1135,2790.214,1779.062,105739.9478,206732.8692,-0.5425,1.0797,,,,,
2026-08-01T15:27:55.796332,pgcb_hourly_generation,regression,xgboost,generation_mw,chronological_85%,,,,,,,,,,,1719.9959,2082.1843,0.1205,1600.9944,1692.44,116571.2078,202958.1497,-155.7295,312.8445,,,,,
2026-08-01T15:27:57.358380,pgcb_hourly_generation,regression,ridge,generation_mw,chronological_85%,,,,,,,,,,,2510.055,3020.7653,-0.8512,2587.6696,3677.2126,136400.4589,270760.8247,0.2787,0.8217,,,,,
2026-08-01T15:28:27.033555,pgcb_hourly_generation,regression,random_forest_regressor,generation_mw,chronological_85%,,,,,,,,,,,924.8609,13064.4349,-33.6258,1282.355,1636.669,106863.3724,206474.7114,-6.293,13.9513,,,,,
2026-08-01T16:25:28.154458,healthcare_dataset_stroke,clustering,kmeans,,,,,,,,,,,,,,,,,,,,,,0.2265,0.1873,0.0135,5,
2026-08-01T16:25:36.320888,healthcare_dataset_stroke,clustering,hierarchical,,,,,,,,,,,,,,,,,,,,,,0.1842,,,3,
2026-08-01T16:25:47.854554,healthcare_dataset_stroke,clustering,dbscan,,,,,,,,,,,,,,,,,,,,,,0.4164,,,77,outliers=351
2026-08-01T16:25:58.205370,healthcare_dataset_stroke,clustering,gaussian_mixture,,,,,,,,,,,,,,,,,,,,,,0.1837,0.168,0.0105,3,
2026-08-01T16:26:01.978757,neurofibromatosis,clustering,kmeans,,,,,,,,,,,,,,,,,,,,,,0.1307,0.1372,0.0161,3,
2026-08-01T16:26:04.961345,neurofibromatosis,clustering,hierarchical,,,,,,,,,,,,,,,,,,,,,,0.3742,,,2,
2026-08-01T16:26:07.344579,neurofibromatosis,clustering,dbscan,,,,,,,,,,,,,,,,,,,,,,-0.1752,,,4,outliers=247
2026-08-01T16:26:10.106125,neurofibromatosis,clustering,gaussian_mixture,,,,,,,,,,,,,,,,,,,,,,0.3676,0.2393,0.0837,3,
2026-08-01T16:26:26.757088,higher_education_predictors_of_student_retention,clustering,kmeans,,,,,,,,,,,,,,,,,,,,,,0.1858,0.186,0.0004,2,
2026-08-01T16:26:36.674469,higher_education_predictors_of_student_retention,clustering,hierarchical,,,,,,,,,,,,,,,,,,,,,,0.174,,,3,
2026-08-01T16:26:44.466214,higher_education_predictors_of_student_retention,clustering,dbscan,,,,,,,,,,,,,,,,,,,,,,-0.0391,,,7,outliers=2074
2026-08-01T16:26:57.939573,higher_education_predictors_of_student_retention,clustering,gaussian_mixture,,,,,,,,,,,,,,,,,,,,,,0.1515,0.1385,0.0065,3,
2026-08-01T16:27:39.187915,pgcb_hourly_generation,clustering,kmeans,,,,,,,,,,,,,,,,,,,,,,0.2802,0.2802,0.0001,2,
2026-08-01T16:27:48.024823,pgcb_hourly_generation,clustering,hierarchical,,,,,,,,,,,,,,,,,,,,,,0.1667,,,4,
2026-08-01T16:28:20.277416,pgcb_hourly_generation,clustering,dbscan,,,,,,,,,,,,,,,,,,,,,,-0.3524,,,20,outliers=6837
2026-08-01T16:29:18.084447,pgcb_hourly_generation,clustering,gaussian_mixture,,,,,,,,,,,,,,,,,,,,,,0.1174,0.1237,0.0279,3,
2026-08-01T16:31:24.131235,har70plus,clustering,kmeans,,,,,,,,,,,,,,,,,,,,,,0.4173,0.4173,0.0,2,
2026-08-01T16:31:31.904666,har70plus,clustering,hierarchical,,,,,,,,,,,,,,,,,,,,,,0.2132,,,7,
2026-08-01T16:31:46.761775,har70plus,clustering,dbscan,,,,,,,,,,,,,,,,,,,,,,0.1603,,,16,outliers=14301;sampled=50000/2259597
2026-08-01T16:32:27.224301,har70plus,clustering,gaussian_mixture,,,,,,,,,,,,,,,,,,,,,,0.3586,0.1768,0.0017,3,fit_sampled=100000/2259597
2026-08-01T16:32:33.203503,dow_jones_index,clustering,kmeans,,,,,,,,,,,,,,,,,,,,,,0.3289,0.3277,0.0019,2,
2026-08-01T16:32:38.132385,dow_jones_index,clustering,hierarchical,,,,,,,,,,,,,,,,,,,,,,0.2427,,,4,
2026-08-01T16:32:42.466498,dow_jones_index,clustering,dbscan,,,,,,,,,,,,,,,,,,,,,,-0.0078,,,6,outliers=333
2026-08-01T16:32:45.589431,dow_jones_index,clustering,gaussian_mixture,,,,,,,,,,,,,,,,,,,,,,0.2193,0.2278,0.0036,3,
2026-08-01T16:33:00.428413,realwaste,clustering,kmeans,,,,,,,,,,,,,,,,,,,,,,0.2508,0.2505,0.0015,2,
2026-08-01T16:33:06.909998,realwaste,clustering,hierarchical,,,,,,,,,,,,,,,,,,,,,,0.1515,,,9,
2026-08-01T16:33:11.816802,realwaste,clustering,dbscan,,,,,,,,,,,,,,,,,,,,,,,,,0,outliers=4752
2026-08-01T16:33:31.277112,realwaste,clustering,gaussian_mixture,,,,,,,,,,,,,,,,,,,,,,0.1183,0.1203,0.0011,3,
2026-08-01T16:33:37.793459,heartbeat_sounds,clustering,kmeans,,,,,,,,,,,,,,,,,,,,,,0.5073,0.4963,0.0134,2,
2026-08-01T16:33:43.596009,heartbeat_sounds,clustering,hierarchical,,,,,,,,,,,,,,,,,,,,,,0.2791,,,4,
2026-08-01T16:33:48.497674,heartbeat_sounds,clustering,dbscan,,,,,,,,,,,,,,,,,,,,,,-0.2565,,,7,outliers=349
2026-08-01T16:33:53.096745,heartbeat_sounds,clustering,gaussian_mixture,,,,,,,,,,,,,,,,,,,,,,0.4564,0.4225,0.046,3,
2026-08-01T16:41:03.104433,healthcare_dataset_stroke,clustering,kmeans,,,,,,,,,,,,,,,,,,,,,,0.2265,0.1873,0.0135,5,
2026-08-01T16:41:10.962184,healthcare_dataset_stroke,clustering,hierarchical,,,,,,,,,,,,,,,,,,,,,,0.1842,,,3,
2026-08-01T16:41:24.311788,healthcare_dataset_stroke,clustering,dbscan,,,,,,,,,,,,,,,,,,,,,,0.4164,,,77,outliers=351
2026-08-01T16:41:38.170673,healthcare_dataset_stroke,clustering,gaussian_mixture,,,,,,,,,,,,,,,,,,,,,,0.1837,0.168,0.0105,3,
